<?xml version="1.0" encoding="UTF-8" standalone="yes"?>
<addon id="zmooseonzloose.github.io" name="zmooseonzloose.github.io" version="1.0" provider-name="zmooseonzloose">
    <extension point="xbmc.addon.repository" name="Example Repository">
        <dir>
            <info compressed="false">https://raw.githubusercontent.com/zmooseonzloose/zmooseonzloose.github.io/master/repo/zips/addons.xml</info>
            <checksum>https://raw.githubusercontent.com/zmooseonzloose/zmooseonzloose.github.io/master/repo/zips/addons.xml.md5</checksum>
            <datadir zip="true">https://raw.githubusercontent.com/zmooseonzloose/zmooseonzloose.github.io/master/repo/zips/</datadir>
        </dir>
    </extension>
    <extension point="xbmc.addon.metadata">
        <summary>zmooseonzloose.github.io</summary>
        <description>test land for kodi install</description>
        <disclaimer></disclaimer>
        <platform>all</platform>
        <assets>
            <icon>icon.png</icon>
            <fanart>fanart.jpg</fanart>
        </assets>
    </extension>
</addon>